<?xml version="1.0" encoding="UTF-8" standalone="yes"?>
<addon id="service.system.docker"
       name="Docker stable"
       version="9.2.0.149"
       provider-name="Team LibreELEC">
  <requires>
    <import addon="os.libreelec.tv" version="9.2"/>
    <import addon="xbmc.python" version="2.1.0"/>

  </requires>
  <extension point="xbmc.service" library="default.py">
    <provides></provides>
  </extension>
  <extension point="xbmc.addon.metadata">
    <summary>Docker is an open-source engine that automates the deployment of any application as a lightweight, portable, self-sufficient container that will run virtually anywhere.</summary>
    <description>
Docker containers can encapsulate any payload, and will run consistently on and between virtually any server. The same container that a developer builds and tests on a laptop will run at scale, in production*, on VMs, bare-metal servers, OpenStack clusters, public instances, or combinations of the above.
    </description>
    <disclaimer>

    </disclaimer>
    <platform>all</platform>
    <news>
126
- Update to docker 18.09.7

125
- Update to docker 18.09.5

124
- Update to docker 18.09.4

123
- Update to docker 18.09.3

122
- Update to docker 18.09.1

121
- Update to docker 18.09.1-rc1

120
- Update to docker 18.09.1-beta1

119
- Update to docker 18.09.0

118
- Update to docker 18.06.1-ce

117
- Update to docker 17.10

116
- change to new project structure

114
- Enable journald buildtag

113
- Update to docker 1.13.1
- Update to golang 1.7.5

112
- Update to docker 1.13.0
- Use journald log driver
- Add docker-init (tini)

111
- Add temporary cleanup for old systemd service

110
- Update to docker 1.12.5
- Adjust the systemd service file

109
- Update to docker 1.12.3
- Include ctop utility

108
- Update to docker 1.12.2

107
- Update to docker 1.12.1

106
- Include missing docker-proxy

105
- Update to docker 1.12.0
- Update to golang 1.6.3
- Use overlay2 driver (new installs only)
- Remove docker-containerd-ctr

104
- Update to docker 1.11.2

103
- Allow using kodi notifications based on Docker events API

102
- Update to docker 1.11.1

101
- Update to golang 1.6.2
- Update to docker 1.11.0

100
- Update for LibreELEC 8.0

100
- Initial release
    </news>
    <assets>
      <icon>resources/icon.png</icon>
      <fanart>resources/fanart.png</fanart>

    </assets>
  </extension>
</addon>
